Быстрые маршруты подготовки	category
ai-ml	category
algorithms	category
algorithms / algorithms / complexity	subcategory
algorithms / algorithms / data-structures	subcategory
algorithms / algorithms / sorting-searching	subcategory
algorithms / algorithms / algorithmic-paradigms	subcategory
api	category
architecture	category
behavioral	category
cicd	category
cloud	category
code-quality	category
data-engineering	category
databases	category
design-patterns	category
devops	category
frameworks/jvm-alternatives	category
frameworks/spring	category
jvm	category
leadership	category
logging	category
messaging	category
monitoring	category
performance	category
preparation	category
programming-languages/java	category
programming-languages/scala	category
programming-languages/go	category
programming-languages/kotlin	category
reactive	category
security	category
system-design	category
testing	category
